-- phpMyAdmin SQL Dump
-- version 4.5.4.1deb2ubuntu2
-- http://www.phpmyadmin.net
--
-- 主機: localhost
-- 產生時間： 2018 年 01 月 18 日 05:54
-- 伺服器版本: 5.7.20-0ubuntu0.16.04.1
-- PHP 版本： 7.0.22-0ubuntu0.16.04.1

SET SQL_MODE = "NO_AUTO_VALUE_ON_ZERO";
SET time_zone = "+00:00";


/*!40101 SET @OLD_CHARACTER_SET_CLIENT=@@CHARACTER_SET_CLIENT */;
/*!40101 SET @OLD_CHARACTER_SET_RESULTS=@@CHARACTER_SET_RESULTS */;
/*!40101 SET @OLD_COLLATION_CONNECTION=@@COLLATION_CONNECTION */;
/*!40101 SET NAMES utf8mb4 */;

--
-- 資料庫： `argument`
--
CREATE DATABASE IF NOT EXISTS `argument` DEFAULT CHARACTER SET utf8 COLLATE utf8_unicode_ci;
USE `argument`;

-- --------------------------------------------------------

--
-- 資料表結構 `actionDoc_list`
--

CREATE TABLE `actionDoc_list` (
  `actionDoc_id` int(11) NOT NULL,
  `content` varchar(10) CHARACTER SET utf8 COLLATE utf8_unicode_ci NOT NULL
) ENGINE=InnoDB DEFAULT CHARSET=latin1;

--
-- 資料表的匯出資料 `actionDoc_list`
--

INSERT INTO `actionDoc_list` (`actionDoc_id`, `content`) VALUES
(10, '發表論證'),
(11, '論證+論證'),
(12, '論證+筆記'),
(14, '論證+瀏覽網頁'),
(20, '做筆記'),
(21, '筆記+論證'),
(22, '筆記+筆記'),
(24, '筆記+瀏覽網頁'),
(30, '搜尋關鍵字'),
(31, '搜尋關鍵字+論證'),
(32, '搜尋關鍵字+筆記'),
(34, '搜尋關鍵字+瀏覽網頁'),
(40, '瀏覽網頁'),
(41, '瀏覽網頁+論證'),
(42, '瀏覽網頁+筆記'),
(44, '瀏覽網頁+瀏覽網頁');

-- --------------------------------------------------------

--
-- 資料表結構 `action_list`
--

CREATE TABLE `action_list` (
  `action_id` int(11) NOT NULL,
  `actionDoc_id` int(11) NOT NULL,
  `tester_id` int(11) NOT NULL,
  `exe_time` timestamp NOT NULL DEFAULT CURRENT_TIMESTAMP,
  `content` varchar(2000) CHARACTER SET utf8 COLLATE utf8_unicode_ci NOT NULL DEFAULT '-1'
) ENGINE=InnoDB DEFAULT CHARSET=latin1;

--
-- 資料表的匯出資料 `action_list`
--

INSERT INTO `action_list` (`action_id`, `actionDoc_id`, `tester_id`, `exe_time`, `content`) VALUES
(1, 10, 1, '2018-01-07 12:31:15', '-1'),
(2, 10, 1, '2018-01-07 12:59:42', '-1'),
(3, 10, 1, '2018-01-07 13:14:09', '-1'),
(5, 20, 1, '2018-01-07 13:18:28', '-1'),
(6, 20, 2, '2018-01-07 13:19:25', '-1'),
(9, 10, 3, '2018-01-07 15:18:20', 'wwww'),
(10, 10, 2, '2018-01-07 15:18:46', '你好'),
(11, 10, 1, '2018-01-09 14:47:52', '222'),
(12, 10, 3, '2018-01-09 14:47:58', '333'),
(13, 10, 3, '2018-01-09 15:05:22', '123123'),
(14, 10, 3, '2018-01-09 15:05:26', '222222222222'),
(15, 10, 3, '2018-01-09 15:05:29', '33333333'),
(16, 10, 1, '2018-01-09 15:12:21', '111'),
(17, 10, 1, '2018-01-09 15:12:22', '222'),
(18, 10, 1, '2018-01-09 15:12:56', '111'),
(19, 10, 1, '2018-01-09 15:13:00', '222'),
(20, 10, 1, '2018-01-09 15:13:06', '222'),
(21, 10, 1, '2018-01-09 15:14:22', '1111'),
(22, 10, 1, '2018-01-09 15:17:13', '11'),
(23, 10, 1, '2018-01-09 15:17:13', '11'),
(24, 10, 1, '2018-01-09 15:17:14', '11'),
(25, 10, 1, '2018-01-09 15:17:15', '11'),
(26, 10, 1, '2018-01-09 15:17:15', '11'),
(27, 10, 1, '2018-01-09 15:17:16', '11'),
(28, 10, 1, '2018-01-09 15:17:17', '11'),
(29, 10, 1, '2018-01-09 15:17:18', '11'),
(30, 10, 1, '2018-01-09 15:17:18', '11'),
(31, 10, 1, '2018-01-09 15:17:19', '11'),
(32, 10, 1, '2018-01-09 15:17:20', '11'),
(33, 10, 1, '2018-01-09 15:17:21', '11'),
(34, 10, 1, '2018-01-09 15:20:34', '11'),
(35, 10, 1, '2018-01-09 15:20:36', '22'),
(36, 10, 1, '2018-01-09 15:23:15', '11'),
(37, 10, 1, '2018-01-09 15:23:16', '22'),
(38, 10, 1, '2018-01-09 15:23:17', '33'),
(39, 10, 1, '2018-01-09 15:33:06', '111'),
(40, 10, 1, '2018-01-09 15:33:07', '222'),
(41, 10, 1, '2018-01-09 15:33:08', '333'),
(42, 10, 1, '2018-01-09 15:33:09', '444'),
(43, 10, 1, '2018-01-09 15:33:10', '555'),
(44, 10, 1, '2018-01-09 15:33:11', '555'),
(45, 10, 1, '2018-01-09 15:33:13', '555'),
(46, 10, 1, '2018-01-09 15:33:14', '555'),
(47, 10, 1, '2018-01-09 15:33:15', '555'),
(48, 10, 1, '2018-01-09 15:33:18', '555'),
(49, 10, 1, '2018-01-09 15:33:19', '555'),
(50, 10, 1, '2018-01-09 15:33:20', '555'),
(51, 10, 1, '2018-01-09 15:33:22', '555'),
(52, 10, 1, '2018-01-09 15:33:23', '555'),
(53, 10, 1, '2018-01-09 15:33:24', '555'),
(54, 10, 1, '2018-01-09 15:33:26', '555'),
(55, 10, 1, '2018-01-09 15:33:28', '555'),
(56, 10, 1, '2018-01-09 15:33:30', '555'),
(57, 10, 1, '2018-01-09 15:37:50', '111'),
(58, 10, 1, '2018-01-09 15:37:52', '1111'),
(59, 10, 1, '2018-01-09 15:37:54', '111'),
(60, 10, 1, '2018-01-09 15:37:55', '111'),
(61, 10, 1, '2018-01-09 15:37:57', '123'),
(62, 10, 1, '2018-01-09 15:38:48', '111'),
(63, 10, 1, '2018-01-09 15:38:51', '你好'),
(64, 10, 1, '2018-01-09 15:38:54', '安安'),
(65, 10, 1, '2018-01-09 15:39:56', 'wwwwwww'),
(66, 10, 4, '2018-01-09 15:45:04', '安安'),
(67, 10, 4, '2018-01-09 15:45:12', '有人在嬤'),
(68, 10, 2, '2018-01-09 15:45:15', '有喔'),
(69, 10, 2, '2018-01-09 15:45:22', '顆顆白癡'),
(70, 10, 4, '2018-01-09 15:45:31', '很嘴很棒'),
(71, 10, 4, '2018-01-09 15:46:13', '刷起來'),
(72, 10, 4, '2018-01-09 15:46:16', '6666666666'),
(73, 10, 4, '2018-01-09 15:46:18', '666666666666'),
(74, 10, 4, '2018-01-09 15:46:21', '6'),
(75, 10, 4, '2018-01-09 15:46:22', '6'),
(76, 10, 4, '2018-01-09 15:46:22', '6'),
(77, 10, 4, '2018-01-09 15:46:22', '6'),
(78, 10, 4, '2018-01-09 15:46:23', '6'),
(79, 10, 4, '2018-01-09 15:46:23', '6'),
(80, 10, 4, '2018-01-09 15:46:23', '6'),
(81, 10, 4, '2018-01-09 15:46:23', '6'),
(82, 10, 4, '2018-01-09 15:46:24', '6'),
(83, 10, 4, '2018-01-09 15:46:24', '6'),
(84, 10, 4, '2018-01-09 15:46:24', '6'),
(85, 10, 4, '2018-01-09 15:46:24', '6'),
(86, 10, 4, '2018-01-09 15:46:25', '6'),
(87, 10, 1, '2018-01-09 16:01:43', '1'),
(88, 10, 1, '2018-01-09 16:01:44', '1'),
(89, 10, 1, '2018-01-09 16:01:44', '1'),
(90, 10, 1, '2018-01-09 16:01:44', '1'),
(91, 10, 1, '2018-01-09 16:01:45', '1'),
(92, 10, 1, '2018-01-09 16:02:01', '11'),
(93, 10, 1, '2018-01-09 16:02:02', '1'),
(94, 10, 1, '2018-01-09 16:02:02', '1'),
(95, 10, 1, '2018-01-09 16:02:02', '1'),
(96, 10, 1, '2018-01-09 16:02:03', '1'),
(97, 10, 4, '2018-01-09 16:10:59', '1'),
(98, 10, 4, '2018-01-09 16:10:59', '1'),
(99, 10, 4, '2018-01-09 16:11:00', '1'),
(100, 10, 4, '2018-01-09 16:11:00', '1'),
(101, 10, 4, '2018-01-09 16:11:00', '1'),
(102, 10, 4, '2018-01-09 16:11:01', '1'),
(103, 10, 4, '2018-01-09 16:11:01', '1'),
(104, 10, 4, '2018-01-09 16:11:01', '1'),
(105, 10, 4, '2018-01-09 16:11:02', '1'),
(106, 10, 4, '2018-01-09 16:11:02', '1'),
(107, 10, 4, '2018-01-09 16:11:02', '1'),
(108, 10, 4, '2018-01-09 16:11:02', '1'),
(109, 10, 4, '2018-01-09 16:11:03', '1'),
(110, 10, 4, '2018-01-09 16:11:03', '1'),
(111, 10, 4, '2018-01-09 16:11:03', '1'),
(112, 10, 4, '2018-01-09 16:11:04', '1'),
(113, 10, 4, '2018-01-09 16:11:04', '1'),
(114, 10, 4, '2018-01-09 16:11:15', '1'),
(115, 10, 4, '2018-01-09 16:11:15', '1'),
(116, 10, 4, '2018-01-09 16:11:15', '1'),
(117, 10, 4, '2018-01-09 16:11:16', '1'),
(118, 10, 4, '2018-01-09 16:11:16', '1'),
(119, 10, 4, '2018-01-09 16:11:19', '1111'),
(120, 10, 4, '2018-01-09 16:11:27', '1'),
(121, 10, 4, '2018-01-09 16:11:28', '1'),
(122, 10, 4, '2018-01-09 16:11:28', '1'),
(123, 10, 4, '2018-01-09 16:11:28', '1'),
(124, 10, 4, '2018-01-09 16:11:29', '1'),
(125, 10, 4, '2018-01-09 16:11:29', '1'),
(126, 10, 4, '2018-01-09 16:11:29', '1'),
(127, 10, 4, '2018-01-09 16:11:29', '1'),
(128, 10, 4, '2018-01-09 16:11:30', '1'),
(129, 10, 4, '2018-01-09 16:11:30', '1'),
(130, 10, 4, '2018-01-09 16:11:30', '1'),
(131, 10, 4, '2018-01-09 16:11:30', '1'),
(132, 10, 4, '2018-01-09 16:11:31', '1'),
(133, 10, 4, '2018-01-09 16:11:31', '1'),
(134, 10, 4, '2018-01-09 16:11:31', '1'),
(135, 10, 4, '2018-01-09 16:11:31', '1'),
(136, 10, 4, '2018-01-09 16:11:32', '1'),
(137, 10, 4, '2018-01-09 16:11:35', '1'),
(138, 10, 4, '2018-01-09 16:11:36', '1'),
(139, 10, 4, '2018-01-09 16:11:36', '1'),
(140, 10, 4, '2018-01-09 16:11:36', '1'),
(141, 10, 4, '2018-01-09 16:11:36', '1'),
(142, 10, 4, '2018-01-09 16:11:37', '1'),
(143, 10, 4, '2018-01-09 16:11:37', '1'),
(144, 10, 4, '2018-01-09 16:11:37', '1'),
(145, 10, 4, '2018-01-09 16:11:37', '1'),
(146, 10, 4, '2018-01-09 16:11:38', '1'),
(147, 10, 4, '2018-01-09 16:11:38', '1'),
(148, 10, 4, '2018-01-09 16:22:57', '1'),
(149, 10, 4, '2018-01-09 16:22:57', '1'),
(150, 10, 4, '2018-01-09 16:22:57', '1'),
(151, 10, 4, '2018-01-09 16:22:58', '1'),
(152, 10, 4, '2018-01-09 16:22:58', '1'),
(153, 10, 4, '2018-01-09 16:22:58', '1'),
(154, 10, 4, '2018-01-09 16:22:59', '1'),
(155, 10, 4, '2018-01-09 16:22:59', '1'),
(156, 10, 4, '2018-01-09 16:22:59', '1'),
(157, 10, 4, '2018-01-09 16:22:59', '1'),
(158, 10, 4, '2018-01-09 16:23:00', '1'),
(159, 10, 4, '2018-01-09 16:23:02', '1'),
(160, 10, 4, '2018-01-09 16:23:04', '1'),
(161, 10, 4, '2018-01-09 16:23:05', '1'),
(162, 10, 4, '2018-01-09 16:23:05', '1'),
(163, 10, 4, '2018-01-09 16:23:07', '1'),
(164, 10, 4, '2018-01-09 16:23:08', '1'),
(165, 10, 4, '2018-01-09 16:23:08', '1'),
(166, 10, 4, '2018-01-09 16:23:08', '1'),
(167, 10, 4, '2018-01-09 16:24:08', '1'),
(168, 10, 4, '2018-01-09 16:24:08', '1'),
(169, 10, 4, '2018-01-09 16:24:08', '1'),
(170, 10, 4, '2018-01-09 16:24:09', '1'),
(171, 10, 4, '2018-01-09 16:24:09', '1'),
(172, 10, 4, '2018-01-09 16:24:09', '1'),
(173, 10, 4, '2018-01-09 16:24:09', '1'),
(174, 10, 4, '2018-01-09 16:24:10', '1'),
(175, 10, 4, '2018-01-09 16:24:10', '1'),
(176, 10, 4, '2018-01-09 16:24:10', '1'),
(177, 10, 4, '2018-01-09 16:24:11', '1'),
(178, 10, 4, '2018-01-09 16:24:11', '1'),
(179, 10, 4, '2018-01-09 16:24:13', '1'),
(180, 10, 4, '2018-01-09 16:24:15', '1'),
(181, 10, 4, '2018-01-09 16:24:16', '1'),
(182, 10, 4, '2018-01-09 16:24:16', '1'),
(183, 10, 4, '2018-01-09 16:24:20', '1'),
(184, 10, 4, '2018-01-09 16:24:21', '1'),
(185, 10, 4, '2018-01-09 16:24:21', '1'),
(186, 10, 4, '2018-01-09 16:24:21', '1'),
(187, 10, 4, '2018-01-09 16:24:22', '1'),
(188, 10, 4, '2018-01-09 16:25:09', '1'),
(189, 10, 4, '2018-01-09 16:25:10', '1'),
(190, 10, 4, '2018-01-09 16:25:10', '1'),
(191, 10, 4, '2018-01-09 16:25:10', '1'),
(192, 10, 4, '2018-01-09 16:25:10', '1'),
(193, 10, 4, '2018-01-09 16:25:11', '1'),
(194, 10, 4, '2018-01-09 16:25:11', '1'),
(195, 10, 4, '2018-01-09 16:25:11', '1'),
(196, 10, 4, '2018-01-09 16:25:11', '1'),
(197, 10, 4, '2018-01-09 16:25:12', '1'),
(198, 10, 4, '2018-01-09 16:25:12', '1'),
(199, 10, 4, '2018-01-09 16:25:12', '1'),
(200, 10, 4, '2018-01-09 16:25:12', '1'),
(201, 10, 4, '2018-01-09 16:25:13', '1'),
(202, 10, 4, '2018-01-09 16:25:13', '1'),
(203, 10, 4, '2018-01-09 16:25:13', '1'),
(204, 10, 4, '2018-01-09 16:25:13', '1'),
(205, 10, 4, '2018-01-09 16:25:14', '1'),
(206, 10, 4, '2018-01-09 16:25:14', '1'),
(207, 10, 4, '2018-01-09 16:25:14', '1'),
(208, 10, 1, '2018-01-09 20:37:16', '111'),
(209, 10, 1, '2018-01-09 20:37:17', '111'),
(210, 10, 3, '2018-01-11 06:24:13', 'w'),
(211, 10, 3, '2018-01-11 06:24:13', 'w'),
(212, 10, 3, '2018-01-11 06:24:14', 'w'),
(213, 10, 3, '2018-01-11 06:24:14', 'w'),
(214, 10, 2, '2018-01-11 07:05:24', '111'),
(215, 10, 2, '2018-01-11 07:05:26', '222'),
(216, 10, 2, '2018-01-11 07:05:32', '3333'),
(217, 10, 2, '2018-01-11 07:08:31', 'qweqwe'),
(218, 10, 2, '2018-01-11 07:08:33', 'wwww'),
(219, 10, 2, '2018-01-11 07:08:35', 'eeee'),
(220, 10, 2, '2018-01-11 07:08:38', 'qqweqwa'),
(221, 10, 2, '2018-01-11 07:12:50', 'wwwww'),
(222, 20, 3, '2018-01-11 09:10:22', ''),
(223, 20, 3, '2018-01-11 09:11:07', ''),
(224, 20, 3, '2018-01-11 09:12:08', '廣告裁判在每天晚上 10:10，用廣告說一個睡前故事 聽完故事的各位朋友，和彼此、和我們的互動，有時候比故事本身更吸引人 但隨著聽故事的朋友越來越多，雖然我們還是會盡力回覆每一位朋友的留言和訊息，但也許你已經發現，我們的回覆速度似乎變慢了，更遑論我們想透過廣告說的故事還有許多 所以在 2018 的農曆年前，廣告裁判希望再找一位夥伴和一位實習生 想了許久，該怎麼介紹這個既需要文案撰寫、社群經營、編輯能力、甚至還要產品開發的工作呢？ 似乎什麼職稱都沾得上一些，但卻好像用了什麼現有的職稱都不太完整 想了想，既然我們是在用廣告說故事，那就姑且稱之為「社群說書人」吧！ 雖然好像什麼都要會，但其實我們的目標很明確，就是把故事說好 也是因為一直朝著「把故事說好」這個目標前進，為了補上不足的地方，我們學會了好多東西 現在我們希望能找一位正職夥伴和實習生，和我們一起前進，一起學習，一起把廣告裁判的故事繼續說下去。'),
(225, 20, 3, '2018-01-14 04:30:36', 'wwwww'),
(226, 20, 3, '2018-01-14 04:30:44', 'I will be the leader of a company that ends up being worth billions of dollars, because I got the answers. I understand culture. I am the nucleus. I think that’s a responsibility that I have, to push possibilities, to show people, this is the level that things could be at.'),
(227, 40, 1, '2018-01-14 06:24:33', 'viewed web'),
(228, 40, 1, '2018-01-14 06:41:10', 'viewed web'),
(229, 40, 4, '2018-01-14 07:15:57', 'viewed web'),
(230, 40, 4, '2018-01-14 07:16:13', 'viewed web'),
(231, 40, 3, '2018-01-14 07:17:53', 'viewed web'),
(232, 40, 3, '2018-01-14 07:20:10', 'viewed web'),
(233, 40, 1, '2018-01-14 07:28:30', 'viewed web'),
(234, 40, 2, '2018-01-14 07:29:24', 'viewed web'),
(235, 40, 1, '2018-01-14 07:29:49', 'viewed web'),
(236, 40, 1, '2018-01-14 07:31:37', 'viewed web'),
(237, 40, 1, '2018-01-14 07:33:19', 'viewed web'),
(238, 40, 1, '2018-01-14 07:33:38', 'viewed web'),
(239, 40, 1, '2018-01-14 07:37:12', 'viewed web'),
(240, 40, 1, '2018-01-14 07:38:27', 'viewed web'),
(241, 40, 1, '2018-01-14 07:38:47', 'viewed web'),
(242, 10, 1, '2018-01-14 07:38:57', 'ww'),
(243, 40, 1, '2018-01-14 07:39:15', 'viewed web'),
(244, 40, 1, '2018-01-14 07:39:56', 'viewed web'),
(245, 40, 1, '2018-01-14 07:40:00', 'viewed web'),
(246, 40, 1, '2018-01-14 07:40:19', 'viewed web'),
(247, 30, 1, '2018-01-14 07:40:23', 'searchkeyword'),
(248, 40, 1, '2018-01-14 07:46:39', 'initial viewd'),
(249, 40, 1, '2018-01-14 07:48:58', 'initial viewd'),
(250, 40, 1, '2018-01-14 07:49:07', '車諾比核子事故'),
(251, 40, 1, '2018-01-14 07:49:39', '核子動力是利用核反應來獲取能量'),
(252, 30, 1, '2018-01-14 07:50:05', 'searchkeyword'),
(253, 40, 3, '2018-01-14 08:06:49', 'initial viewd'),
(254, 10, 3, '2018-01-14 08:07:06', '2222'),
(255, 10, 3, '2018-01-14 08:07:09', '33333'),
(256, 10, 3, '2018-01-14 08:07:10', '4444'),
(257, 10, 3, '2018-01-14 08:07:13', '5555'),
(258, 10, 3, '2018-01-14 08:07:15', '5555'),
(259, 20, 3, '2018-01-14 08:07:21', '222'),
(260, 20, 3, '2018-01-14 08:07:22', '22'),
(261, 40, 3, '2018-01-14 08:07:39', '核子動力是利用核反應來獲取能量'),
(262, 40, 3, '2018-01-14 08:08:23', '車諾比核子事故'),
(263, 40, 1, '2018-01-14 12:37:36', 'initial viewd'),
(264, 40, 1, '2018-01-14 12:42:08', 'initial viewd'),
(265, 40, 1, '2018-01-14 12:42:11', '哪種勞工，可能連續上班 12 天？勞動部對勞基法 7 休 1 的解釋'),
(266, 40, 1, '2018-01-14 12:42:17', '車諾比核子事故'),
(267, 40, 1, '2018-01-14 12:44:19', '哪種勞工，可能連續上班 12 天？勞動部對勞基法 7 休 1 的解釋'),
(268, 40, 1, '2018-01-14 12:50:47', 'initial viewd'),
(269, 40, 1, '2018-01-14 13:02:22', 'initial viewd'),
(270, 40, 1, '2018-01-14 13:03:00', 'initial viewd'),
(271, 40, 1, '2018-01-14 13:04:07', 'initial viewd'),
(272, 40, 1, '2018-01-14 13:04:55', 'initial viewd'),
(273, 40, 1, '2018-01-14 13:06:12', 'initial viewd'),
(274, 30, 1, '2018-01-14 13:06:17', 'searchkeyword'),
(275, 40, 1, '2018-01-14 13:09:24', 'initial viewd'),
(276, 40, 1, '2018-01-14 13:13:14', 'initial viewd'),
(277, 40, 1, '2018-01-14 13:17:37', 'initial viewd'),
(278, 40, 1, '2018-01-14 13:22:11', 'initial viewd'),
(279, 40, 1, '2018-01-14 13:23:18', 'initial viewd'),
(280, 30, 1, '2018-01-14 13:23:22', '22'),
(281, 40, 1, '2018-01-14 13:24:25', 'initial viewd'),
(282, 30, 1, '2018-01-14 13:24:33', '核'),
(283, 40, 1, '2018-01-14 13:24:38', '核子動力是利用核反應來獲取能量'),
(284, 30, 1, '2018-01-14 13:24:50', '好'),
(285, 40, 1, '2018-01-14 13:24:51', '能力好、態度差 vs. 能力差、態度好，優秀主管會留下哪種人？'),
(286, 40, 1, '2018-01-14 13:24:54', '你真的會用 iPhone 嗎？多數人不知道，卻超好用的 10 大功能'),
(287, 10, 1, '2018-01-14 13:25:20', 'wwww'),
(288, 10, 1, '2018-01-14 13:25:28', '安好?'),
(289, 40, 4, '2018-01-14 14:01:13', 'initial viewd'),
(290, 10, 4, '2018-01-14 14:01:41', 'wwww'),
(291, 10, 4, '2018-01-14 14:01:43', 'eee'),
(292, 10, 4, '2018-01-14 14:01:48', 'eeeeee'),
(293, 20, 4, '2018-01-14 14:01:56', 'qqqqqq'),
(294, 20, 4, '2018-01-14 14:01:58', 'www'),
(295, 20, 4, '2018-01-14 14:01:59', 'eeee'),
(296, 30, 4, '2018-01-14 14:02:11', '核'),
(297, 40, 4, '2018-01-14 14:02:12', '核子動力是利用核反應來獲取能量'),
(298, 30, 4, '2018-01-14 14:02:24', ''),
(299, 40, 4, '2018-01-14 14:02:28', '你跟到「超級老闆」了嗎？'),
(300, 40, 4, '2018-01-14 14:02:41', '車諾比ㄏ子事故'),
(301, 40, 4, '2018-01-14 14:02:47', '核子動力是利用核反應來獲取能量'),
(302, 40, 4, '2018-01-14 14:02:51', '哪種勞工，可能連續上班 12 天？勞動部對勞基法 7 休 1 的解釋'),
(303, 30, 4, '2018-01-14 14:03:02', '勞'),
(304, 40, 4, '2018-01-14 14:03:03', '哪種勞工，可能連續上班 12 天？勞動部對勞基法 7 休 1 的解釋'),
(305, 20, 4, '2018-01-14 14:03:23', '立法院昨天通過勞動基準法修正草案，裡面包含5大調整，預計於3月1日正式上路。  過去的勞基法限制雇主，必須讓勞工每7日就要有1日例假日（不可加班）。此次修法放寬標準， 經中央目的事業主管機關同意，且為中央主管機關指定的行業，可鬆綁成「14休4（包含例假日和休假日）」 。改完之後，符合條件的企業勞工如果休假日全數加班，最多可連續工作12天，引起外界討論。  原文網址: https://www.managertoday.com.tw/articles/view/55569 出自《經理人》'),
(306, 40, 1, '2018-01-15 04:24:08', 'initial viewd'),
(307, 10, 1, '2018-01-15 04:24:25', '!!'),
(308, 30, 1, '2018-01-15 04:24:40', ''),
(309, 40, 1, '2018-01-15 04:35:09', 'initial viewd'),
(310, 20, 1, '2018-01-15 04:35:27', 'Ww'),
(311, 20, 1, '2018-01-15 04:36:00', ''),
(312, 20, 1, '2018-01-15 04:38:38', ''),
(313, 20, 1, '2018-01-15 04:39:41', '暗暗'),
(314, 10, 1, '2018-01-15 04:40:03', '你好ㄇ'),
(315, 30, 1, '2018-01-15 04:40:17', '核'),
(316, 40, 1, '2018-01-15 04:40:28', '核子動力是利用核反應來獲取能量'),
(317, 30, 1, '2018-01-15 04:46:09', ''),
(318, 40, 1, '2018-01-15 04:46:21', '車諾比ㄏ子事故'),
(319, 30, 1, '2018-01-15 04:47:22', '核'),
(320, 10, 1, '2018-01-15 04:47:49', '天天'),
(321, 10, 1, '2018-01-15 04:49:17', '22'),
(322, 10, 1, '2018-01-15 04:49:26', '台鐵台'),
(323, 10, 1, '2018-01-15 04:50:33', '顆顆'),
(324, 10, 1, '2018-01-15 04:50:34', ''),
(325, 10, 1, '2018-01-15 04:50:44', '啊啊啊啊啊'),
(326, 40, 1, '2018-01-15 04:53:56', 'initial viewd'),
(327, 10, 1, '2018-01-15 04:54:12', '愛安'),
(328, 10, 1, '2018-01-15 05:02:05', '顆顆'),
(329, 20, 1, '2018-01-15 05:02:32', '暗暗安'),
(330, 40, 1, '2018-01-15 05:06:47', 'initial viewd'),
(331, 20, 1, '2018-01-15 05:07:31', '這是筆記'),
(332, 20, 1, '2018-01-15 05:08:50', '吞吞吐吐'),
(333, 20, 1, '2018-01-15 05:11:00', '吃吃吃吃'),
(334, 40, 1, '2018-01-15 05:16:04', 'initial viewd'),
(335, 20, 1, '2018-01-15 05:16:15', '吞吞吐吐'),
(336, 30, 1, '2018-01-15 05:16:49', '核'),
(337, 40, 1, '2018-01-15 05:16:52', '核子動力是利用核反應來獲取能量'),
(338, 30, 1, '2018-01-15 05:16:57', ''),
(339, 40, 1, '2018-01-15 05:17:07', '車諾比ㄏ子事故'),
(340, 10, 1, '2018-01-15 05:19:51', '吞吞吐吐他'),
(341, 10, 1, '2018-01-15 05:24:27', '晚安'),
(342, 40, 1, '2018-01-15 05:44:20', 'initial viewd'),
(343, 20, 1, '2018-01-15 05:45:30', 'wwww'),
(344, 40, 1, '2018-01-15 05:45:56', 'initial viewd'),
(345, 40, 1, '2018-01-15 06:25:37', 'initial viewd'),
(346, 20, 1, '2018-01-15 06:25:57', '1111'),
(347, 20, 1, '2018-01-15 06:26:00', '222'),
(348, 20, 1, '2018-01-15 06:26:02', '3333'),
(349, 20, 1, '2018-01-15 06:26:04', '3333'),
(350, 30, 1, '2018-01-15 06:26:14', '11'),
(351, 40, 1, '2018-01-15 06:26:35', 'initial viewd'),
(352, 30, 1, '2018-01-15 06:33:46', ''),
(353, 40, 1, '2018-01-15 06:38:38', 'initial viewd'),
(354, 40, 1, '2018-01-15 06:38:45', 'initial viewd'),
(355, 40, 3, '2018-01-15 06:41:03', 'initial viewd'),
(356, 30, 3, '2018-01-15 06:41:06', ''),
(357, 40, 3, '2018-01-15 06:41:08', 'connect to GitHub'),
(358, 30, 3, '2018-01-15 06:41:33', 'connect'),
(359, 40, 3, '2018-01-15 06:41:40', 'connect to GitHub'),
(360, 40, 1, '2018-01-15 06:49:01', 'initial viewd'),
(361, 40, 1, '2018-01-15 07:30:37', 'initial viewd'),
(362, 20, 1, '2018-01-15 07:30:45', '2'),
(363, 40, 1, '2018-01-15 07:30:52', 'initial viewd'),
(364, 40, 1, '2018-01-15 07:40:36', 'initial viewd'),
(365, 40, 1, '2018-01-15 07:41:05', 'initial viewd'),
(366, 10, 1, '2018-01-15 07:41:13', '111'),
(367, 40, 1, '2018-01-16 01:46:46', 'initial viewd'),
(368, 40, 1, '2018-01-16 01:48:13', 'initial viewd'),
(369, 10, 1, '2018-01-16 01:48:17', 'wwwwww'),
(370, 10, 1, '2018-01-16 01:48:19', 'wwww'),
(371, 20, 1, '2018-01-16 01:48:46', 'wwww'),
(372, 20, 1, '2018-01-16 01:50:25', '544654'),
(373, 30, 1, '2018-01-16 01:53:28', ''),
(374, 40, 1, '2018-01-16 01:53:31', '車諾比ㄏ子事故'),
(375, 40, 1, '2018-01-16 01:54:29', '我把每天早上的咖啡換成玄米咖啡之後'),
(376, 40, 1, '2018-01-16 02:18:31', 'initial viewd'),
(377, 40, 2, '2018-01-16 02:18:37', 'initial viewd'),
(378, 40, 3, '2018-01-16 02:18:43', 'initial viewd'),
(379, 40, 2, '2018-01-16 02:33:15', 'initial viewd'),
(380, 30, 2, '2018-01-16 02:33:24', ''),
(381, 40, 2, '2018-01-16 02:33:25', '核子動力是利用核反應來獲取能量'),
(382, 30, 2, '2018-01-16 03:00:59', '12312313131'),
(383, 20, 2, '2018-01-16 03:05:38', '0...11231'),
(384, 40, 2, '2018-01-16 03:07:51', 'initial viewd'),
(385, 40, 1, '2018-01-16 03:44:35', 'initial viewd'),
(386, 40, 1, '2018-01-16 03:47:05', 'initial viewd'),
(387, 40, 1, '2018-01-16 03:48:42', 'initial viewd'),
(388, 40, 1, '2018-01-16 04:04:28', 'initial viewd'),
(389, 30, 1, '2018-01-16 04:04:42', 's'),
(390, 40, 1, '2018-01-16 04:04:46', '能力好、態度差 vs. 能力差、態度好，優秀主管會留下哪種人？'),
(391, 40, 1, '2018-01-16 04:29:21', 'initial viewd'),
(392, 30, 1, '2018-01-16 04:37:04', ''),
(393, 40, 1, '2018-01-16 04:37:05', '核子動力是利用核反應來獲取能量'),
(394, 10, 1, '2018-01-16 04:43:35', '1231231'),
(395, 10, 1, '2018-01-16 04:43:37', '1231231'),
(396, 10, 1, '2018-01-16 04:43:38', '121111'),
(397, 10, 1, '2018-01-16 04:43:39', '1111'),
(398, 10, 1, '2018-01-16 04:43:40', '1111'),
(399, 40, 1, '2018-01-16 04:51:29', '車諾比ㄏ子事故'),
(400, 40, 1, '2018-01-16 05:00:40', '核子動力是利用核反應來獲取能量'),
(401, 40, 1, '2018-01-16 05:01:52', '車諾比ㄏ子事故'),
(402, 40, 1, '2018-01-16 05:01:54', '核子動力是利用核反應來獲取能量'),
(403, 40, 1, '2018-01-16 05:01:56', '哪種勞工，可能連續上班 12 天？勞動部對勞基法 7 休 1 的解釋'),
(404, 40, 1, '2018-01-16 05:05:09', '車諾比ㄏ子事故'),
(405, 40, 1, '2018-01-16 05:06:37', '核子動力是利用核反應來獲取能量'),
(406, 40, 1, '2018-01-16 05:06:52', '核子動力是利用核反應來獲取能量'),
(407, 30, 1, '2018-01-16 05:06:57', '核'),
(408, 40, 1, '2018-01-16 05:07:06', '核子動力是利用核反應來獲取能量'),
(409, 30, 1, '2018-01-16 05:08:20', ''),
(410, 40, 1, '2018-01-16 05:08:24', '核子動力是利用核反應來獲取能量'),
(411, 40, 1, '2018-01-16 07:03:51', 'initial viewd'),
(412, 40, 1, '2018-01-16 07:07:13', 'initial viewd'),
(413, 40, 1, '2018-01-16 07:07:20', 'initial viewd'),
(414, 40, 1, '2018-01-16 07:08:07', 'initial viewd'),
(415, 40, 1, '2018-01-16 07:08:21', 'initial viewd'),
(416, 40, 1, '2018-01-16 07:09:52', 'initial viewd'),
(417, 40, 1, '2018-01-16 07:12:15', 'initial viewd'),
(418, 40, 1, '2018-01-16 07:13:57', 'initial viewd'),
(419, 40, 1, '2018-01-16 07:14:44', 'initial viewd'),
(420, 40, 1, '2018-01-16 07:14:50', 'initial viewd'),
(421, 40, 1, '2018-01-16 07:16:04', 'initial viewd'),
(422, 40, 1, '2018-01-16 07:17:19', 'initial viewd'),
(423, 40, 1, '2018-01-16 07:21:32', 'initial viewd'),
(424, 40, 1, '2018-01-16 07:22:30', 'initial viewd'),
(425, 40, 1, '2018-01-16 07:23:44', 'initial viewd'),
(426, 40, 1, '2018-01-16 07:24:00', 'initial viewd'),
(427, 40, 1, '2018-01-16 07:25:03', 'initial viewd'),
(428, 40, 1, '2018-01-16 07:25:35', 'initial viewd'),
(429, 40, 1, '2018-01-16 07:25:42', 'initial viewd'),
(430, 40, 1, '2018-01-16 07:27:32', 'initial viewd'),
(431, 40, 1, '2018-01-16 07:28:09', 'initial viewd'),
(432, 40, 1, '2018-01-16 07:28:31', 'initial viewd'),
(433, 40, 1, '2018-01-16 07:29:36', 'initial viewd'),
(434, 40, 1, '2018-01-16 07:30:25', 'initial viewd'),
(435, 10, 1, '2018-01-16 07:30:37', 'wwww'),
(436, 40, 1, '2018-01-16 07:31:18', 'initial viewd'),
(437, 40, 1, '2018-01-16 07:31:47', 'initial viewd'),
(438, 40, 1, '2018-01-16 07:32:52', 'initial viewd'),
(439, 40, 1, '2018-01-16 07:33:59', 'initial viewd'),
(440, 40, 1, '2018-01-16 07:38:53', 'initial viewd'),
(441, 40, 1, '2018-01-16 07:39:19', 'initial viewd'),
(442, 40, 1, '2018-01-16 07:39:37', 'initial viewd'),
(443, 40, 1, '2018-01-16 07:40:22', 'initial viewd'),
(444, 40, 1, '2018-01-16 07:41:35', 'initial viewd'),
(445, 40, 1, '2018-01-16 07:47:09', 'initial viewd'),
(446, 40, 1, '2018-01-16 07:48:20', 'initial viewd'),
(447, 40, 1, '2018-01-16 07:48:41', 'initial viewd'),
(448, 40, 1, '2018-01-16 07:49:09', 'initial viewd'),
(449, 40, 1, '2018-01-16 07:50:58', 'initial viewd'),
(450, 40, 1, '2018-01-16 07:51:06', 'initial viewd'),
(451, 40, 1, '2018-01-16 07:51:55', 'initial viewd'),
(452, 40, 1, '2018-01-16 07:52:10', 'initial viewd'),
(453, 40, 1, '2018-01-16 07:53:07', 'initial viewd'),
(454, 40, 1, '2018-01-16 07:54:45', 'initial viewd'),
(455, 40, 1, '2018-01-16 07:55:27', 'initial viewd'),
(456, 40, 1, '2018-01-16 07:56:39', 'initial viewd'),
(457, 40, 1, '2018-01-16 07:57:42', 'initial viewd'),
(458, 40, 1, '2018-01-16 07:58:12', 'initial viewd'),
(459, 40, 1, '2018-01-16 07:58:19', 'initial viewd'),
(460, 40, 1, '2018-01-16 07:58:53', 'initial viewd'),
(461, 40, 1, '2018-01-16 07:59:21', 'initial viewd'),
(462, 40, 1, '2018-01-16 08:01:03', 'initial viewd'),
(463, 10, 1, '2018-01-16 08:03:48', '121321321'),
(464, 10, 1, '2018-01-16 08:03:49', '1231231321'),
(465, 10, 1, '2018-01-16 08:03:50', '1231321321'),
(466, 10, 1, '2018-01-16 08:03:52', '21232123132'),
(467, 40, 1, '2018-01-16 08:09:33', 'initial viewd'),
(468, 40, 1, '2018-01-16 08:14:51', 'initial viewd'),
(469, 30, 1, '2018-01-16 08:28:30', 'sss'),
(470, 30, 1, '2018-01-16 08:28:33', ''),
(471, 40, 1, '2018-01-16 08:28:34', '核子動力是利用核反應來獲取能量'),
(472, 40, 1, '2018-01-16 08:30:56', 'initial viewd'),
(473, 40, 1, '2018-01-16 08:32:45', 'initial viewd'),
(474, 40, 1, '2018-01-16 08:34:24', 'initial viewd'),
(475, 40, 1, '2018-01-16 08:40:52', 'initial viewd'),
(476, 40, 1, '2018-01-16 08:43:26', 'initial viewd'),
(477, 40, 1, '2018-01-16 08:50:49', 'initial viewd'),
(478, 40, 1, '2018-01-17 10:58:29', 'initial viewd'),
(479, 40, 1, '2018-01-17 11:00:14', 'initial viewd'),
(480, 40, 1, '2018-01-17 11:00:33', 'initial viewd'),
(481, 40, 1, '2018-01-17 11:03:50', 'initial viewd'),
(482, 40, 1, '2018-01-17 11:05:21', 'initial viewd'),
(483, 40, 1, '2018-01-17 11:05:51', 'initial viewd'),
(484, 40, 1, '2018-01-17 11:06:26', 'initial viewd'),
(485, 40, 1, '2018-01-17 11:06:53', 'initial viewd'),
(486, 40, 1, '2018-01-17 11:07:52', 'initial viewd'),
(487, 40, 1, '2018-01-17 11:09:13', 'initial viewd'),
(488, 40, 1, '2018-01-17 11:10:47', 'initial viewd'),
(489, 40, 1, '2018-01-17 11:45:33', 'initial viewd'),
(490, 40, 1, '2018-01-17 11:45:56', 'initial viewd'),
(491, 40, 1, '2018-01-17 11:49:46', 'initial viewd'),
(492, 40, 1, '2018-01-17 11:55:19', 'initial viewd'),
(493, 40, 1, '2018-01-17 11:58:13', 'initial viewd'),
(494, 40, 1, '2018-01-17 16:02:19', 'initial viewd'),
(495, 40, 1, '2018-01-17 18:41:23', 'initial viewd'),
(496, 40, 1, '2018-01-17 18:41:46', 'initial viewd'),
(497, 40, 1, '2018-01-17 18:42:50', 'initial viewd'),
(498, 40, 1, '2018-01-17 18:46:01', 'initial viewd'),
(499, 10, 1, '2018-01-17 18:46:14', '11111'),
(500, 10, 1, '2018-01-17 18:46:18', '111111'),
(501, 40, 1, '2018-01-17 18:50:33', 'initial viewd'),
(502, 40, 1, '2018-01-17 18:51:22', 'initial viewd'),
(503, 40, 1, '2018-01-17 18:51:39', 'initial viewd'),
(504, 40, 1, '2018-01-17 18:52:48', 'initial viewd'),
(505, 40, 1, '2018-01-17 18:53:10', 'initial viewd'),
(506, 40, 1, '2018-01-17 18:53:21', 'initial viewd'),
(507, 40, 1, '2018-01-17 18:53:42', 'initial viewd'),
(508, 40, 1, '2018-01-17 18:53:54', 'initial viewd'),
(509, 40, 1, '2018-01-17 18:56:09', 'initial viewd'),
(510, 40, 1, '2018-01-17 18:56:45', 'initial viewd'),
(511, 40, 1, '2018-01-17 18:57:27', 'initial viewd'),
(512, 10, 1, '2018-01-17 18:57:48', 'wwww'),
(513, 10, 1, '2018-01-17 18:57:50', 'www'),
(514, 40, 1, '2018-01-17 18:57:54', 'initial viewd'),
(515, 10, 1, '2018-01-17 18:57:56', 'wwww'),
(516, 10, 1, '2018-01-17 18:57:58', 'wwwww'),
(517, 10, 1, '2018-01-17 18:58:00', 'wwww'),
(518, 10, 1, '2018-01-17 18:58:07', 'wwww'),
(519, 40, 1, '2018-01-17 18:59:11', 'initial viewd'),
(520, 10, 1, '2018-01-17 18:59:18', 'wwww'),
(521, 10, 1, '2018-01-17 18:59:24', 'wwww'),
(522, 10, 1, '2018-01-17 18:59:32', 'wwww'),
(523, 40, 1, '2018-01-17 18:59:34', 'initial viewd'),
(524, 10, 1, '2018-01-17 18:59:36', 'wwww'),
(525, 10, 1, '2018-01-17 18:59:38', 'wwww'),
(526, 10, 1, '2018-01-17 18:59:50', 'wwww'),
(527, 40, 1, '2018-01-17 19:02:19', 'initial viewd'),
(528, 10, 1, '2018-01-17 19:02:22', 'wwww'),
(529, 10, 1, '2018-01-17 19:02:23', 'wwww'),
(530, 10, 1, '2018-01-17 19:02:29', 'wwww'),
(531, 40, 1, '2018-01-17 19:05:22', 'initial viewd'),
(532, 10, 1, '2018-01-17 19:05:31', 'wwwwww'),
(533, 40, 1, '2018-01-17 19:06:03', 'initial viewd'),
(534, 10, 1, '2018-01-17 19:06:13', 'wwwww'),
(535, 10, 1, '2018-01-17 19:06:18', 'wwww'),
(536, 10, 1, '2018-01-17 19:08:12', '1'),
(537, 10, 1, '2018-01-17 19:08:12', '1'),
(538, 10, 1, '2018-01-17 19:08:13', '1'),
(539, 10, 1, '2018-01-17 19:08:13', '1'),
(540, 10, 1, '2018-01-17 19:08:13', '1'),
(541, 10, 1, '2018-01-17 19:08:13', '1'),
(542, 10, 1, '2018-01-17 19:08:14', '1'),
(543, 40, 1, '2018-01-17 19:12:33', 'initial viewd'),
(544, 10, 1, '2018-01-17 19:12:37', '1'),
(545, 10, 1, '2018-01-17 19:12:37', '1'),
(546, 10, 1, '2018-01-17 19:12:38', '1'),
(547, 10, 1, '2018-01-17 19:12:38', '1'),
(548, 10, 1, '2018-01-17 19:12:38', '1'),
(549, 40, 1, '2018-01-17 19:13:32', 'initial viewd'),
(550, 10, 1, '2018-01-17 19:13:34', '1'),
(551, 10, 1, '2018-01-17 19:13:34', '1'),
(552, 10, 1, '2018-01-17 19:13:34', '1'),
(553, 10, 1, '2018-01-17 19:13:34', '1'),
(554, 40, 1, '2018-01-17 19:14:02', 'initial viewd'),
(555, 10, 1, '2018-01-17 19:14:04', '1'),
(556, 10, 1, '2018-01-17 19:14:05', '1'),
(557, 10, 1, '2018-01-17 19:14:05', '1'),
(558, 10, 1, '2018-01-17 19:14:05', '1'),
(559, 10, 1, '2018-01-17 19:14:05', '1'),
(560, 40, 1, '2018-01-17 19:15:04', 'initial viewd'),
(561, 10, 1, '2018-01-17 19:15:07', '1'),
(562, 10, 1, '2018-01-17 19:15:08', '1'),
(563, 10, 1, '2018-01-17 19:15:08', '1'),
(564, 10, 1, '2018-01-17 19:15:08', '1'),
(565, 40, 1, '2018-01-17 19:15:30', 'initial viewd'),
(566, 10, 1, '2018-01-17 19:15:43', 'wwww'),
(567, 10, 1, '2018-01-17 19:15:45', 'wwwww'),
(568, 40, 1, '2018-01-17 19:19:20', 'initial viewd'),
(569, 10, 1, '2018-01-17 19:19:23', 'wwww'),
(570, 10, 1, '2018-01-17 19:19:24', 'www'),
(571, 40, 1, '2018-01-17 19:20:10', 'initial viewd'),
(572, 10, 1, '2018-01-17 19:20:12', '2'),
(573, 10, 1, '2018-01-17 19:20:12', '2'),
(574, 10, 1, '2018-01-17 19:20:13', '2'),
(575, 10, 1, '2018-01-17 19:20:13', '2'),
(576, 10, 1, '2018-01-17 19:20:13', '2'),
(577, 10, 1, '2018-01-17 19:20:27', 'wwww'),
(578, 40, 1, '2018-01-17 19:24:09', 'initial viewd'),
(579, 10, 1, '2018-01-17 19:24:11', 'ww'),
(580, 40, 1, '2018-01-17 19:28:06', 'initial viewd'),
(581, 40, 1, '2018-01-17 19:31:33', 'initial viewd'),
(582, 40, 1, '2018-01-17 19:33:26', 'initial viewd'),
(583, 10, 1, '2018-01-17 19:33:31', 'wwwww'),
(584, 10, 1, '2018-01-17 19:33:32', 'wwww'),
(585, 40, 1, '2018-01-17 19:38:38', 'initial viewd'),
(586, 40, 1, '2018-01-17 19:40:09', 'initial viewd'),
(587, 40, 1, '2018-01-17 19:42:13', 'initial viewd'),
(588, 40, 1, '2018-01-17 19:46:28', 'initial viewd'),
(589, 40, 1, '2018-01-17 19:49:33', 'initial viewd'),
(590, 40, 1, '2018-01-17 19:50:41', 'initial viewd'),
(591, 40, 1, '2018-01-17 19:50:50', 'initial viewd'),
(592, 40, 1, '2018-01-17 19:50:59', 'initial viewd'),
(593, 40, 1, '2018-01-17 19:54:58', 'initial viewd'),
(594, 40, 1, '2018-01-17 19:56:14', 'initial viewd'),
(595, 40, 1, '2018-01-17 19:57:11', 'initial viewd'),
(596, 40, 1, '2018-01-17 20:01:32', 'initial viewd'),
(597, 40, 1, '2018-01-17 20:04:19', 'initial viewd'),
(598, 40, 1, '2018-01-17 20:06:36', 'initial viewd'),
(599, 40, 1, '2018-01-17 20:07:22', 'initial viewd'),
(600, 40, 1, '2018-01-17 20:11:00', 'initial viewd'),
(601, 40, 1, '2018-01-17 20:15:29', 'initial viewd'),
(602, 40, 1, '2018-01-17 20:15:53', 'initial viewd'),
(603, 40, 1, '2018-01-17 20:16:55', 'initial viewd'),
(604, 40, 1, '2018-01-17 20:17:57', 'initial viewd'),
(605, 30, 1, '2018-01-17 20:18:50', ''),
(606, 40, 1, '2018-01-17 20:18:51', '核子動力是利用核反應來獲取能量'),
(607, 40, 1, '2018-01-17 20:21:24', 'initial viewd'),
(608, 30, 1, '2018-01-17 20:21:47', ''),
(609, 10, 1, '2018-01-17 20:21:47', ''),
(610, 40, 1, '2018-01-17 20:25:18', 'initial viewd'),
(611, 40, 1, '2018-01-17 20:25:53', 'initial viewd'),
(612, 40, 1, '2018-01-17 20:28:16', 'initial viewd'),
(613, 40, 1, '2018-01-17 20:29:10', 'initial viewd'),
(614, 40, 1, '2018-01-17 20:29:45', 'initial viewd'),
(615, 40, 1, '2018-01-17 20:32:26', 'initial viewd'),
(616, 40, 1, '2018-01-17 20:33:24', 'initial viewd'),
(617, 40, 1, '2018-01-17 20:33:45', 'initial viewd'),
(618, 40, 1, '2018-01-17 20:33:51', 'initial viewd'),
(619, 40, 1, '2018-01-17 20:34:00', 'initial viewd'),
(620, 40, 1, '2018-01-17 20:35:59', 'initial viewd'),
(621, 40, 1, '2018-01-17 20:37:05', 'initial viewd'),
(622, 40, 1, '2018-01-17 20:37:37', 'initial viewd'),
(623, 40, 1, '2018-01-17 20:37:56', 'initial viewd'),
(624, 40, 1, '2018-01-17 20:38:08', 'initial viewd'),
(625, 40, 1, '2018-01-17 20:38:20', 'initial viewd'),
(626, 40, 1, '2018-01-17 20:38:33', 'initial viewd'),
(627, 40, 1, '2018-01-17 20:38:50', 'initial viewd'),
(628, 40, 1, '2018-01-17 20:39:25', 'initial viewd'),
(629, 30, 1, '2018-01-17 20:39:29', ''),
(630, 30, 1, '2018-01-17 20:39:47', ''),
(631, 40, 1, '2018-01-17 20:40:34', 'initial viewd'),
(632, 10, 1, '2018-01-17 20:40:37', 'www'),
(633, 40, 1, '2018-01-17 20:41:03', 'initial viewd'),
(634, 40, 1, '2018-01-17 20:41:17', 'initial viewd'),
(635, 40, 1, '2018-01-17 20:42:58', 'initial viewd'),
(636, 40, 1, '2018-01-17 20:43:30', 'initial viewd'),
(637, 40, 1, '2018-01-17 20:43:38', 'initial viewd'),
(638, 40, 1, '2018-01-17 20:45:44', 'initial viewd'),
(639, 40, 1, '2018-01-17 20:46:02', 'initial viewd'),
(640, 30, 1, '2018-01-17 20:46:07', ''),
(641, 40, 1, '2018-01-17 20:46:08', '核子動力是利用核反應來獲取能量'),
(642, 40, 1, '2018-01-17 20:50:11', 'initial viewd'),
(643, 40, 1, '2018-01-17 20:50:48', 'initial viewd'),
(644, 40, 1, '2018-01-17 20:51:56', 'initial viewd'),
(645, 40, 1, '2018-01-17 20:55:39', 'initial viewd'),
(646, 40, 1, '2018-01-17 20:55:54', 'initial viewd'),
(647, 40, 1, '2018-01-17 20:58:12', 'initial viewd'),
(648, 40, 1, '2018-01-17 21:00:34', 'initial viewd'),
(649, 40, 1, '2018-01-17 21:01:03', 'initial viewd'),
(650, 40, 1, '2018-01-17 21:05:03', 'initial viewd'),
(651, 40, 1, '2018-01-17 21:06:09', 'initial viewd'),
(652, 40, 1, '2018-01-17 21:06:57', 'initial viewd'),
(653, 40, 1, '2018-01-17 21:07:17', 'initial viewd'),
(654, 10, 1, '2018-01-17 21:07:42', 'wwww'),
(655, 10, 1, '2018-01-17 21:07:44', 'wwww'),
(656, 40, 1, '2018-01-17 21:08:18', 'initial viewd'),
(657, 40, 1, '2018-01-17 21:09:06', 'initial viewd'),
(658, 40, 1, '2018-01-17 21:09:13', 'initial viewd'),
(659, 40, 1, '2018-01-17 21:09:26', 'initial viewd'),
(660, 40, 1, '2018-01-17 21:09:50', 'initial viewd'),
(661, 30, 1, '2018-01-17 21:09:55', ''),
(662, 40, 1, '2018-01-17 21:09:56', '核子動力是利用核反應來獲取能量'),
(663, 40, 1, '2018-01-17 21:13:30', 'initial viewd'),
(664, 40, 1, '2018-01-17 21:13:57', 'initial viewd'),
(665, 10, 1, '2018-01-17 21:19:17', 'wwww'),
(666, 10, 1, '2018-01-17 21:19:21', 'w'),
(667, 10, 1, '2018-01-17 21:19:21', ''),
(668, 10, 1, '2018-01-17 21:19:25', 'wwqwqw'),
(669, 20, 1, '2018-01-17 21:19:30', ''),
(670, 10, 1, '2018-01-17 21:20:41', 'ww'),
(671, 30, 1, '2018-01-17 21:20:48', ''),
(672, 40, 1, '2018-01-17 21:21:01', '核子動力是利用核反應來獲取能量'),
(673, 20, 1, '2018-01-17 21:21:10', '<p>wwwwww</p>\n'),
(674, 20, 1, '2018-01-17 21:21:26', '<p>wwwwww</p>\n\n<p>wqweqweqwe</p>\n'),
(675, 20, 1, '2018-01-17 21:30:15', ''),
(676, 20, 1, '2018-01-17 21:30:32', '3333333'),
(677, 10, 1, '2018-01-17 21:33:39', '222'),
(678, 10, 1, '2018-01-17 21:33:44', 'qweqweqwe'),
(679, 11, 1, '2018-01-17 21:33:51', '22222'),
(680, 1, 1, '2018-01-17 21:39:45', '222'),
(681, 11, 1, '2018-01-17 21:39:56', '222'),
(682, 12, 1, '2018-01-17 21:40:01', '222233'),
(683, 14, 1, '2018-01-17 21:40:06', '33333'),
(684, 11, 1, '2018-01-17 21:40:17', '222'),
(685, 1, 1, '2018-01-17 21:46:28', 'wwww'),
(686, 3, 1, '2018-01-17 21:46:34', 'wwww'),
(687, 3, 1, '2018-01-17 21:46:40', ''),
(688, 4, 1, '2018-01-17 21:46:42', '核子動力是利用核反應來獲取能量'),
(689, 2, 1, '2018-01-17 21:46:49', 'sssss'),
(690, 1, 1, '2018-01-17 21:47:12', 'www'),
(691, 11, 1, '2018-01-17 21:47:17', 'eeee'),
(692, 12, 1, '2018-01-17 21:47:35', 'www'),
(693, 14, 1, '2018-01-17 21:47:43', 'eeeee'),
(694, 34, 1, '2018-01-17 21:48:00', 'eeee'),
(695, 31, 1, '2018-01-17 21:48:05', ''),
(696, 32, 1, '2018-01-17 21:48:08', ''),
(697, 42, 1, '2018-01-17 21:48:15', '核子動力是利用核反應來獲取能量'),
(698, 41, 1, '2018-01-17 21:48:18', '核子動力是利用核反應來獲取能量'),
(699, 44, 1, '2018-01-17 21:48:22', '車諾比ㄏ子事故'),
(700, 24, 1, '2018-01-17 21:48:35', 'sssss');

-- --------------------------------------------------------

--
-- 資料表結構 `activity_list`
--

CREATE TABLE `activity_list` (
  `avtivity_id` int(11) NOT NULL,
  `topic_id` int(11) NOT NULL,
  `user_id` int(11) NOT NULL,
  `assessment_id` int(11) NOT NULL,
  `unicode` varchar(20) DEFAULT NULL,
  `timeofactivity` date DEFAULT NULL
) ENGINE=InnoDB DEFAULT CHARSET=latin1;

--
-- 資料表的匯出資料 `activity_list`
--

INSERT INTO `activity_list` (`avtivity_id`, `topic_id`, `user_id`, `assessment_id`, `unicode`, `timeofactivity`) VALUES
(1, 2, 2, 1, '2-1415649616', '2018-01-10'),
(6, 1, 1, 1, '1-1515649649', '2018-01-11'),
(7, 1, 4, 1, '4-1515649809', '2018-01-11'),
(8, 5, 3, 1, '3-1515650071', '2018-01-13'),
(9, 5, 3, 1, '3-1515650128', '2018-01-13'),
(10, 5, 3, 1, '3-1515650376', '2018-01-13'),
(11, 6, 1, 1, '1-1515651990', '2018-01-11'),
(12, 4, 22, 1, '22-1515910760', '2018-01-12'),
(13, 9, 22, 1, '22-1515993934', '2019-01-02');

-- --------------------------------------------------------

--
-- 資料表結構 `assessment_list`
--

CREATE TABLE `assessment_list` (
  `assessment_id` int(11) NOT NULL
) ENGINE=InnoDB DEFAULT CHARSET=latin1;

--
-- 資料表的匯出資料 `assessment_list`
--

INSERT INTO `assessment_list` (`assessment_id`) VALUES
(1);

-- --------------------------------------------------------

--
-- 資料表結構 `chatroom_list`
--

CREATE TABLE `chatroom_list` (
  `chatroom_id` int(11) NOT NULL,
  `avtivity_id` int(11) NOT NULL
) ENGINE=InnoDB DEFAULT CHARSET=latin1;

--
-- 資料表的匯出資料 `chatroom_list`
--

INSERT INTO `chatroom_list` (`chatroom_id`, `avtivity_id`) VALUES
(1, 1),
(2, 1),
(3, 1),
(4, 1),
(5, 1),
(6, 1),
(7, 1),
(8, 1),
(9, 1),
(10, 2),
(11, 2),
(12, 2),
(13, 2),
(14, 2),
(15, 2),
(16, 2),
(17, 2),
(18, 2),
(19, 2);

-- --------------------------------------------------------

--
-- 資料表結構 `references_for_search`
--

CREATE TABLE `references_for_search` (
  `references_id` int(11) NOT NULL,
  `title` varchar(200) COLLATE utf8_unicode_ci NOT NULL,
  `link` varchar(1000) COLLATE utf8_unicode_ci NOT NULL,
  `memo` varchar(10) COLLATE utf8_unicode_ci NOT NULL
) ENGINE=InnoDB DEFAULT CHARSET=utf8 COLLATE=utf8_unicode_ci;

--
-- 資料表的匯出資料 `references_for_search`
--

INSERT INTO `references_for_search` (`references_id`, `title`, `link`, `memo`) VALUES
(1, '核子動力是利用核反應來獲取能量', 'https://zh.wikipedia.org/wiki/%E6%A0%B8%E5%8B%95%E5%8A%9B', '核子動力'),
(2, '車諾比ㄏ子事故', 'https://zh.wikipedia.org/wiki/%E5%88%87%E5%B0%94%E8%AF%BA%E8%B4%9D%E5%88%A9%E6%A0%B8%E4%BA%8B%E6%95%85', '車諾比 核子事故'),
(3, '哪種勞工，可能連續上班 12 天？勞動部對勞基法 7 休 1 的解釋', 'https://www.managertoday.com.tw/articles/view/55569', '勞基法 勞工 加班'),
(4, '能力好、態度差 vs. 能力差、態度好，優秀主管會留下哪種人？', 'https://www.managertoday.com.tw/help/view/55468', '經理人'),
(5, '我把每天早上的咖啡換成玄米咖啡之後', 'http://jpwawawa.com/simanoya-coffee03/', '美的方程式 咖啡'),
(6, '你跟到「超級老闆」了嗎？', 'https://www.managertoday.com.tw/books/view/55446', '經理人'),
(7, '你真的會用 iPhone 嗎？多數人不知道，卻超好用的 10 大功能', 'https://www.managertoday.com.tw/articles/view/55516', '經理人'),
(8, 'connect to GitHub', 'https://studentcodebank.wordpress.com/2017/08/30/github-connect-to-github/', 'theta');

-- --------------------------------------------------------

--
-- 資料表結構 `tester_list`
--

CREATE TABLE `tester_list` (
  `tester_id` int(11) NOT NULL,
  `user_id` int(11) NOT NULL,
  `avtivity_id` int(11) NOT NULL,
  `chatroom_id` int(11) NOT NULL DEFAULT '-1',
  `group` int(2) NOT NULL DEFAULT '-1'
) ENGINE=InnoDB DEFAULT CHARSET=latin1;

--
-- 資料表的匯出資料 `tester_list`
--

INSERT INTO `tester_list` (`tester_id`, `user_id`, `avtivity_id`, `chatroom_id`, `group`) VALUES
(1, 1, 1, 6, -1),
(2, 2, 1, 7, -1),
(3, 3, 1, 6, -1),
(4, 4, 1, 7, -1);

-- --------------------------------------------------------

--
-- 資料表結構 `topic_list`
--

CREATE TABLE `topic_list` (
  `topic_id` int(11) NOT NULL,
  `user_id` int(11) NOT NULL,
  `content` varchar(2000) CHARACTER SET utf8 COLLATE utf8_unicode_ci NOT NULL
) ENGINE=InnoDB DEFAULT CHARSET=latin1;

--
-- 資料表的匯出資料 `topic_list`
--

INSERT INTO `topic_list` (`topic_id`, `user_id`, `content`) VALUES
(1, 1, '核能'),
(2, 2, '儲備幹部計畫，真的能聘到「幹部級」人才？MA制度的觀察與反思\n近年來很多企業為吸引優秀人才, 都陸續推出MA (manager associate) program 儲備幹部計畫；但成效都不如預期。我觀察後看到了幾個問題：\n人才培育是不能速成的，一步一腳印，紮實的基礎很重要。主管速成班，有時是揠苗助長。\n\nMA program會讓這些人自認是天之驕子，眼高手低，自視甚高，也因「同梯」情誼形成派系，製造另一個管理問題。\n\n其他員工會對MA program的人特殊禮遇感到不滿，易形成敵對狀況。\n\nMA program這些人剛開始對公司狀況了解不深，日子久了，有些會發生無法融合，或發覺與當初想的不一樣，產生高流動率。'),
(3, 2, '國家發展情況'),
(4, 2, '情流感'),
(5, 2, '勞基法'),
(6, 2, '新生兒銳減'),
(7, 2, '今天晚餐吃什麼？'),
(8, 1, '出去玩～'),
(9, 22, '「勞動基準法部分條文修正案」經歷立法院徹夜討論，在今天凌晨三讀通過。這次的修法，究竟做了哪些調整？以下整理成5大要點，讓你快速掌握：  1. 休息日加班的工時，改為核實計算 105年12月公布的勞基法條文規定，員工若需在休息日出勤，雇主計算工資的方式，是加班工時未滿4小時，以4小時計；超過4小時、未滿8小時，則以8小時計；超過8小時、未滿12小時，就以12小時計，希望透過抬高加班費的做法，抑制雇主讓勞工過度加班。  而本次修法將此條移除，休息日加班的工時改為核實計算，加班幾小時，就以相同小時數去計算加班日所需付的工資。  2. 每月加班上限從46小時增加為54小時，三個月不超過138小時 原先勞基法規定，雇主延長勞工工時，一個月不得超過46小時，但本次修法增加新的條文， 如雇主經工會同意，無工會者經勞資會議協商，一個月可延長的工時不得超過54小時，三個月不得超過138小時（平均一個月為46小時） 。  3. 輪班間隔的休息時間，從11小時縮減為8小時 之前勞基法規定，有換班需求的的雇主，需讓員工上班到下班時間間隔11小時以上 （但當時沒有擇定執行日期） 。   本次修法新增條文， 允許因「工作特性」或「特殊原因」，經過中央目的事業主管機關商請勞動部公告後，始得變更輪班間隔的休息時間，雇主經工會同意，無工會者透過勞資協商，就可以縮減至8小時。  4. 7天必須休1天，變成14天內休息日跟例假日有4天 過去的勞基法限制雇主，必須讓勞工每7日就要有1日例假日（不可加班）。此次修法放寬標準， 經中央目的事業主管機關同意，且為中央主管機關指定的行業，例假日也可調整，鬆綁成「14休4（包含例假日和休假日）」 。改完之後，符合條件的企業勞工如果休假日全數加班，最多可連續工作12天。  5. 當年未休完的特休假，從直接換算薪資，變成可積假到明年 以前當年度未休完的特休假，員工可折換成薪資。此次修法增加條文， 經勞雇雙方協商，未休完的特休假，可遞延到明年 。如果到次年底結算還是沒休完，才折換成薪資。 ');

-- --------------------------------------------------------

--
-- 資料表結構 `user_list`
--

CREATE TABLE `user_list` (
  `user_id` int(11) NOT NULL,
  `name` varchar(20) CHARACTER SET utf8 COLLATE utf8_unicode_ci NOT NULL,
  `school` varchar(20) CHARACTER SET utf8 COLLATE utf8_unicode_ci NOT NULL,
  `parent_user` int(11) DEFAULT NULL
) ENGINE=InnoDB DEFAULT CHARSET=latin1;

--
-- 資料表的匯出資料 `user_list`
--

INSERT INTO `user_list` (`user_id`, `name`, `school`, `parent_user`) VALUES
(1, '王小明', '一個國中', NULL),
(2, '路人甲', '一個國中', 1),
(3, '想不到', '兩個國中', 1),
(4, '不清楚', '兩個國中', 1),
(5, '王王王', '哭哭國小', 1),
(6, 'null', 'null', 1),
(7, '王同學', '中央大學', 1),
(19, '王同學', '中央大學', 1),
(20, 'www', 'wwww', 1),
(22, '某陳', '新埔國小', 1);

--
-- 已匯出資料表的索引
--

--
-- 資料表索引 `actionDoc_list`
--
ALTER TABLE `actionDoc_list`
  ADD PRIMARY KEY (`actionDoc_id`);

--
-- 資料表索引 `action_list`
--
ALTER TABLE `action_list`
  ADD PRIMARY KEY (`action_id`);

--
-- 資料表索引 `activity_list`
--
ALTER TABLE `activity_list`
  ADD PRIMARY KEY (`avtivity_id`),
  ADD UNIQUE KEY `unicode` (`unicode`);

--
-- 資料表索引 `assessment_list`
--
ALTER TABLE `assessment_list`
  ADD PRIMARY KEY (`assessment_id`);

--
-- 資料表索引 `chatroom_list`
--
ALTER TABLE `chatroom_list`
  ADD PRIMARY KEY (`chatroom_id`);

--
-- 資料表索引 `references_for_search`
--
ALTER TABLE `references_for_search`
  ADD PRIMARY KEY (`references_id`);

--
-- 資料表索引 `tester_list`
--
ALTER TABLE `tester_list`
  ADD PRIMARY KEY (`tester_id`);

--
-- 資料表索引 `topic_list`
--
ALTER TABLE `topic_list`
  ADD PRIMARY KEY (`topic_id`);

--
-- 資料表索引 `user_list`
--
ALTER TABLE `user_list`
  ADD PRIMARY KEY (`user_id`);

--
-- 在匯出的資料表使用 AUTO_INCREMENT
--

--
-- 使用資料表 AUTO_INCREMENT `actionDoc_list`
--
ALTER TABLE `actionDoc_list`
  MODIFY `actionDoc_id` int(11) NOT NULL AUTO_INCREMENT, AUTO_INCREMENT=45;
--
-- 使用資料表 AUTO_INCREMENT `action_list`
--
ALTER TABLE `action_list`
  MODIFY `action_id` int(11) NOT NULL AUTO_INCREMENT, AUTO_INCREMENT=701;
--
-- 使用資料表 AUTO_INCREMENT `activity_list`
--
ALTER TABLE `activity_list`
  MODIFY `avtivity_id` int(11) NOT NULL AUTO_INCREMENT, AUTO_INCREMENT=14;
--
-- 使用資料表 AUTO_INCREMENT `assessment_list`
--
ALTER TABLE `assessment_list`
  MODIFY `assessment_id` int(11) NOT NULL AUTO_INCREMENT, AUTO_INCREMENT=2;
--
-- 使用資料表 AUTO_INCREMENT `chatroom_list`
--
ALTER TABLE `chatroom_list`
  MODIFY `chatroom_id` int(11) NOT NULL AUTO_INCREMENT, AUTO_INCREMENT=20;
--
-- 使用資料表 AUTO_INCREMENT `references_for_search`
--
ALTER TABLE `references_for_search`
  MODIFY `references_id` int(11) NOT NULL AUTO_INCREMENT, AUTO_INCREMENT=9;
--
-- 使用資料表 AUTO_INCREMENT `tester_list`
--
ALTER TABLE `tester_list`
  MODIFY `tester_id` int(11) NOT NULL AUTO_INCREMENT, AUTO_INCREMENT=5;
--
-- 使用資料表 AUTO_INCREMENT `topic_list`
--
ALTER TABLE `topic_list`
  MODIFY `topic_id` int(11) NOT NULL AUTO_INCREMENT, AUTO_INCREMENT=11;
--
-- 使用資料表 AUTO_INCREMENT `user_list`
--
ALTER TABLE `user_list`
  MODIFY `user_id` int(11) NOT NULL AUTO_INCREMENT, AUTO_INCREMENT=23;
/*!40101 SET CHARACTER_SET_CLIENT=@OLD_CHARACTER_SET_CLIENT */;
/*!40101 SET CHARACTER_SET_RESULTS=@OLD_CHARACTER_SET_RESULTS */;
/*!40101 SET COLLATION_CONNECTION=@OLD_COLLATION_CONNECTION */;
